name,url,duration,test_type,remote_testing,adaptive_irt
Account Manager Solution,https://www.shl.com/solutions/products/product-catalog/view/account-manager-solution/,N/A,"C, P, A, B",Yes,Yes
Administrative Professional - Short Form,https://www.shl.com/solutions/products/product-catalog/view/administrative-professional-short-form/,N/A,"A, K, P",Yes,Yes
Agency Manager Solution,https://www.shl.com/solutions/products/product-catalog/view/agency-manager-solution/,N/A,"A, B, P, S",Yes,Yes
Apprentice + 8.0 Job Focused Assessment,https://www.shl.com/solutions/products/product-catalog/view/apprentice-8-0-job-focused-assessment-4261/,N/A,"B, P",Yes,No
Apprentice 8.0 Job Focused Assessment,https://www.shl.com/solutions/products/product-catalog/view/apprentice-8-0-job-focused-assessment/,N/A,"B, P",Yes,No
Bank Administrative Assistant - Short Form,https://www.shl.com/solutions/products/product-catalog/view/bank-administrative-assistant-short-form/,N/A,"A, B, K, P",Yes,No
Bank Collections Agent - Short Form,https://www.shl.com/solutions/products/product-catalog/view/bank-collections-agent-short-form/,N/A,"A, B, P",Yes,No
Bank Operations Supervisor - Short Form,https://www.shl.com/solutions/products/product-catalog/view/bank-operations-supervisor-short-form/,N/A,"A, B, P, S",Yes,Yes
Bilingual Spanish Reservation Agent Solution,https://www.shl.com/solutions/products/product-catalog/view/bilingual-spanish-reservation-agent-solution/,N/A,"B, P, S, A",Yes,Yes
"Bookkeeping, Accounting, Auditing Clerk Short Form",https://www.shl.com/solutions/products/product-catalog/view/bookkeeping-accounting-auditing-clerk-short-form/,N/A,"P, S, K, B, A",Yes,Yes
Branch Manager - Short Form,https://www.shl.com/solutions/products/product-catalog/view/branch-manager-short-form/,N/A,"A, B, P",Yes,No
Cashier Solution,https://www.shl.com/solutions/products/product-catalog/view/cashier-solution/,N/A,"B, A, P",Yes,Yes
Account Manager Solution,https://www.shl.com/solutions/products/product-catalog/view/account-manager-solution/,N/A,"C, P, A, B",Yes,Yes
Administrative Professional - Short Form,https://www.shl.com/solutions/products/product-catalog/view/administrative-professional-short-form/,N/A,"A, K, P",Yes,Yes
Agency Manager Solution,https://www.shl.com/solutions/products/product-catalog/view/agency-manager-solution/,N/A,"A, B, P, S",Yes,Yes
Apprentice + 8.0 Job Focused Assessment,https://www.shl.com/solutions/products/product-catalog/view/apprentice-8-0-job-focused-assessment-4261/,N/A,"B, P",Yes,No
Apprentice 8.0 Job Focused Assessment,https://www.shl.com/solutions/products/product-catalog/view/apprentice-8-0-job-focused-assessment/,N/A,"B, P",Yes,No
Bank Administrative Assistant - Short Form,https://www.shl.com/solutions/products/product-catalog/view/bank-administrative-assistant-short-form/,N/A,"A, B, K, P",Yes,No
Bank Collections Agent - Short Form,https://www.shl.com/solutions/products/product-catalog/view/bank-collections-agent-short-form/,N/A,"A, B, P",Yes,No
Bank Operations Supervisor - Short Form,https://www.shl.com/solutions/products/product-catalog/view/bank-operations-supervisor-short-form/,N/A,"A, B, P, S",Yes,Yes
Bilingual Spanish Reservation Agent Solution,https://www.shl.com/solutions/products/product-catalog/view/bilingual-spanish-reservation-agent-solution/,N/A,"B, P, S, A",Yes,Yes
"Bookkeeping, Accounting, Auditing Clerk Short Form",https://www.shl.com/solutions/products/product-catalog/view/bookkeeping-accounting-auditing-clerk-short-form/,N/A,"P, S, K, B, A",Yes,Yes
Branch Manager - Short Form,https://www.shl.com/solutions/products/product-catalog/view/branch-manager-short-form/,N/A,"A, B, P",Yes,No
Cashier Solution,https://www.shl.com/solutions/products/product-catalog/view/cashier-solution/,N/A,"B, A, P",Yes,Yes
District/Regional Manager Solution,https://www.shl.com/solutions/products/product-catalog/view/districtregional-manager-solution/,N/A,"A, B, P",Yes,Yes
Entry Level Cashier 7.1 (Americas),https://www.shl.com/solutions/products/product-catalog/view/entry-level-cashier-7-1-%28americas%29/,N/A,"B, P, A",Yes,No
Entry Level Cashier 7.1 (International),https://www.shl.com/solutions/products/product-catalog/view/entry-level-cashier-7-1-%28international%29/,N/A,"A, B, P",Yes,No
Entry Level Customer Service 7.1 (Americas),https://www.shl.com/solutions/products/product-catalog/view/entry-level-customer-service-7-1-%28americas%29/,N/A,"C, P",Yes,No
Entry Level Customer Service 7.1 (International),https://www.shl.com/solutions/products/product-catalog/view/entry-level-customer-service-%28retail-and-cc%29-7-1/,N/A,"C, P",Yes,No
Entry Level Customer Service 7.1 (South Africa),https://www.shl.com/solutions/products/product-catalog/view/entry-level-customer-service-7-1-%28south-africa%29/,N/A,"C, P",Yes,No
Entry level Sales 7.1 (Americas),https://www.shl.com/solutions/products/product-catalog/view/entry-level-sales-7-1-%28americas%29/,N/A,"B, C, P",Yes,No
Entry level Sales 7.1 (International),https://www.shl.com/solutions/products/product-catalog/view/entry-level-sales-7-1/,N/A,"P, B, C",Yes,No
Entry Level Sales Sift Out 7.1,https://www.shl.com/solutions/products/product-catalog/view/entry-level-sales-sift-out-7-1/,N/A,"C, P, B",Yes,No
Event Sales Manager Solution,https://www.shl.com/solutions/products/product-catalog/view/event-sales-manager-solution/,N/A,"S, A, B, P",Yes,Yes
Executive - Short Form,https://www.shl.com/solutions/products/product-catalog/view/executive-short-form/,N/A,"A, B, P",Yes,Yes
Financial Professional - Short Form,https://www.shl.com/solutions/products/product-catalog/view/financial-professional-short-form/,N/A,"A, B, P",Yes,No
Financial Services Representative Solution,https://www.shl.com/solutions/products/product-catalog/view/financial-services-representative-solution/,N/A,"A, B, P",Yes,No
Front Desk Associate Solution,https://www.shl.com/solutions/products/product-catalog/view/front-desk-associate-solution/,N/A,"A, B, P",Yes,Yes
Gaming Associate Solution,https://www.shl.com/solutions/products/product-catalog/view/gaming-associate-solution/,N/A,"A, B, P, S",Yes,Yes
Gaming Manager Solution,https://www.shl.com/solutions/products/product-catalog/view/gaming-manager-solution/,N/A,"S, A, B, K, P",Yes,Yes
General Entry Level - All Industries 7.0 Solution,https://www.shl.com/solutions/products/product-catalog/view/general-entry-level-all-industries-7-0-solution/,N/A,B,Yes,No
General Entry Level - All Industries 7.1 Solution,https://www.shl.com/solutions/products/product-catalog/view/general-entry-level-all-industries-7-1-solution/,N/A,B,Yes,No
General Entry Level - All Industries 7.1(Americas),https://www.shl.com/solutions/products/product-catalog/view/general-entry-level-all-industries-7-1%28americas%29/,N/A,B,Yes,No
General Entry Level – Data Entry 7.0 Solution,https://www.shl.com/solutions/products/product-catalog/view/general-entry-level-data-entry-7-0-solution/,N/A,"B, K",Yes,No
Graduate + 8.0 Job Focused Assessment,https://www.shl.com/solutions/products/product-catalog/view/graduate-8-0-job-focused-assessment/,N/A,"A, B, P",Yes,No
Graduate 7.1 Job Focused Assessment,https://www.shl.com/solutions/products/product-catalog/view/graduate-7-1-job-focused-assessment/,N/A,"B, C",Yes,No
Graduate 8.0 Job Focused Assessment,https://www.shl.com/solutions/products/product-catalog/view/graduate-8-0-job-focused-assessment-4228/,N/A,"P, B",Yes,No
Guest Service Team 7.0 Solution,https://www.shl.com/solutions/products/product-catalog/view/guest-service-team-7-0-solution/,N/A,B,Yes,No
HiPo Assessment Report 1.0,https://www.shl.com/solutions/products/product-catalog/view/hipo-assessment-report-1-0/,N/A,"C, P",Yes,No
HiPo Assessment Report 2.0,https://www.shl.com/solutions/products/product-catalog/view/hipo-assessment-report-2-0/,N/A,"C, P",Yes,No
HiPo Unlocking Potential Report 2.0,https://www.shl.com/solutions/products/product-catalog/view/hipo-unlocking-potential-report-2-0/,N/A,C,Yes,No
Housekeeping (New),https://www.shl.com/solutions/products/product-catalog/view/housekeeping-new/,N/A,K,Yes,No
HTML/CSS (New),https://www.shl.com/solutions/products/product-catalog/view/htmlcss-new/,N/A,K,Yes,No
HTML5 (New),https://www.shl.com/solutions/products/product-catalog/view/html5-new/,N/A,K,Yes,No
Human Resources (New),https://www.shl.com/solutions/products/product-catalog/view/human-resources-new/,N/A,K,Yes,No
IBM DataStage (New),https://www.shl.com/solutions/products/product-catalog/view/ibm-datastage-new/,N/A,K,Yes,No
IBM Sterling Order Management System (New),https://www.shl.com/solutions/products/product-catalog/view/ibm-sterling-order-management-system-new/,N/A,K,Yes,No
Industrial Engineering (New),https://www.shl.com/solutions/products/product-catalog/view/industrial-engineering-new/,N/A,K,Yes,No
Informatica (Architecture) (New),https://www.shl.com/solutions/products/product-catalog/view/informatica-architecture-new/,N/A,K,Yes,No
Informatica (Developer) (New),https://www.shl.com/solutions/products/product-catalog/view/informatica-developer-new/,N/A,K,Yes,No
Claims/Operations Supervisor Solution,https://www.shl.com/solutions/products/product-catalog/view/claimsoperations-supervisor-solution/,N/A,"P, S, A, B",Yes,Yes
Contact Center Customer Service + 8.0,https://www.shl.com/solutions/products/product-catalog/view/contact-center-customer-service-8-0/,N/A,"A, B, C, P, S",Yes,No
Contact Center Customer Service 8.0,https://www.shl.com/solutions/products/product-catalog/view/contact-center-customer-service-8-0-4269/,N/A,"S, B, C, P",Yes,No
Contact Center Manager - Short Form,https://www.shl.com/solutions/products/product-catalog/view/contact-center-manager-short-form/,N/A,"A, B, P, S",Yes,Yes
Contact Center Sales & Service + 8.0,https://www.shl.com/solutions/products/product-catalog/view/contact-center-sales-and-service-8-0/,N/A,"P, B, C, A, S",Yes,No
Contact Center Sales & Service 8.0,https://www.shl.com/solutions/products/product-catalog/view/contact-center-sales-and-service-8-0-4268/,N/A,"S, B, C, P",Yes,No
Contact Center Team Lead/Coach - Short Form,https://www.shl.com/solutions/products/product-catalog/view/contact-center-team-leadcoach-short-form/,N/A,"A, B, P, S",Yes,Yes
Contact Centre Agent Solution - UK,https://www.shl.com/solutions/products/product-catalog/view/contact-centre-agent-solution-uk/,N/A,"A, B, P, S",Yes,No
Customer Service - Short Form,https://www.shl.com/solutions/products/product-catalog/view/customer-service-short-form/,N/A,"A, B, P",Yes,Yes
Customer Service - Short Form - UK,https://www.shl.com/solutions/products/product-catalog/view/customer-service-short-form-uk/,N/A,"A, B, P",Yes,Yes
Customer Service with Sales - Short Form,https://www.shl.com/solutions/products/product-catalog/view/customer-service-with-sales-short-form/,N/A,"A, B, P",Yes,Yes
Director - Short Form,https://www.shl.com/solutions/products/product-catalog/view/director-short-form/,N/A,"A, B, P",Yes,Yes
Manager + 7.1 (Americas),https://www.shl.com/solutions/products/product-catalog/view/manager-7-1-solution-4242/,N/A,"B, C, P",Yes,Yes
Manager + 7.1 (International),https://www.shl.com/solutions/products/product-catalog/view/manager-7-1-%28international%29/,N/A,"B, C, P",Yes,Yes
Manager 7.0 Solution,https://www.shl.com/solutions/products/product-catalog/view/manager-7-0-solution/,N/A,"B, C",Yes,No
Manager 7.1 (Americas),https://www.shl.com/solutions/products/product-catalog/view/manager-7-1-%28americas%29/,N/A,"B, C, P",Yes,No
Manager 7.1 (International),https://www.shl.com/solutions/products/product-catalog/view/manager-7-1-solution/,N/A,"B, C, P",Yes,No
Manager 8.0 JFA,https://www.shl.com/solutions/products/product-catalog/view/manager-8-0-jfa/,N/A,"B, K, P",Yes,No
Manager 8.0+ JFA,https://www.shl.com/solutions/products/product-catalog/view/manager-8-0-jfa-4310/,N/A,"B, K, P",Yes,No
Manufacturing Production Team Member,https://www.shl.com/solutions/products/product-catalog/view/manufacturing-production-team-member/,N/A,"A, B",Yes,No
Manufacturing Skilled Maintenance Worker,https://www.shl.com/solutions/products/product-catalog/view/manufacturing-skilled-maintenance-worker/,N/A,"A, B",Yes,No
Network Engineer/Analyst Solution,https://www.shl.com/solutions/products/product-catalog/view/network-engineeranalyst-solution/,N/A,"P, S, K, B, A",Yes,Yes
Nurse Leader Solution,https://www.shl.com/solutions/products/product-catalog/view/nurse-leader-solution/,N/A,"S, A, B, P",Yes,Yes
Nurse Solution,https://www.shl.com/solutions/products/product-catalog/view/nurse-solution/,N/A,"P, A, B",Yes,Yes
Nursing Assistant Solution,https://www.shl.com/solutions/products/product-catalog/view/nursing-assistant-solution/,N/A,"A, B, P",Yes,No
Personal Banker - Short Form,https://www.shl.com/solutions/products/product-catalog/view/personal-banker-short-form/,N/A,"A, B, K, P, S",Yes,No
Phone Banker - Short Form,https://www.shl.com/solutions/products/product-catalog/view/phone-banker-short-form/,N/A,"A, B, P",Yes,No
Prep/Line Cook Solution,https://www.shl.com/solutions/products/product-catalog/view/prepline-cook-solution/,N/A,"A, B, P",Yes,Yes
Professional + 7.0 Solution,https://www.shl.com/solutions/products/product-catalog/view/professional-7-0-solution-3958/,N/A,"A, B, C",Yes,Yes
Professional + 7.1 (Americas),https://www.shl.com/solutions/products/product-catalog/view/professional-7-1-%28americas%29/,N/A,"B, C, P",Yes,Yes
Professional + 7.1 (International),https://www.shl.com/solutions/products/product-catalog/view/professional-7-1-solution/,N/A,"B, C, P",Yes,Yes
Professional 7.0 Solution,https://www.shl.com/solutions/products/product-catalog/view/professional-7-0-solution/,N/A,"B, C",Yes,No
Professional 7.1 (International),https://www.shl.com/solutions/products/product-catalog/view/professional-7-1-solution-4247/,N/A,"C, B",Yes,No
Professional 8.0 JFA,https://www.shl.com/solutions/products/product-catalog/view/professional-8-0-jfa/,N/A,"B, K, P",Yes,No
Professional/Individual Contributor - Short Form,https://www.shl.com/solutions/products/product-catalog/view/professionalindividual-contributor-short-form/,N/A,"A, B, P, S",Yes,Yes
Project Manager - Short Form,https://www.shl.com/solutions/products/product-catalog/view/project-manager-short-form/,N/A,"A, B, P, S",Yes,Yes
Proof Operator - Processing Specialist -Short Form,https://www.shl.com/solutions/products/product-catalog/view/proof-operator-processing-specialist-short-form/,N/A,S,Yes,No
Reservation Agent Solution,https://www.shl.com/solutions/products/product-catalog/view/reservation-agent-solution/,N/A,"A, P, S, B",Yes,Yes
Restaurant Manager Solution,https://www.shl.com/solutions/products/product-catalog/view/restaurant-manager-solution/,N/A,"A, B, P, S",Yes,Yes
Restaurant Supervisor Solution,https://www.shl.com/solutions/products/product-catalog/view/restaurant-supervisor-solution/,N/A,"A, B, P",Yes,Yes
Retail Consultant Solution,https://www.shl.com/solutions/products/product-catalog/view/retail-consultant-solution/,N/A,"A, B, P",Yes,Yes
Retail Manager w/ Sales Solution,https://www.shl.com/solutions/products/product-catalog/view/retail-manager-w-sales-solution/,N/A,"A, B, P",Yes,Yes
Retail Sales Associate Solution,https://www.shl.com/solutions/products/product-catalog/view/retail-sales-associate-solution/,N/A,"A, B, P",Yes,Yes
Sales Director Solution,https://www.shl.com/solutions/products/product-catalog/view/sales-director-solution/,N/A,"A, B, P",Yes,Yes
Sales Engineer Solution,https://www.shl.com/solutions/products/product-catalog/view/sales-engineer-solution/,N/A,"A, B, K, P, S",Yes,Yes
Sales Manager Solution,https://www.shl.com/solutions/products/product-catalog/view/sales-manager-solution/,N/A,"A, B, P",Yes,Yes
Sales Professional 7.0 Solution,https://www.shl.com/solutions/products/product-catalog/view/sales-professional-7-0-solution/,N/A,"C, B",Yes,No
Sales Professional 7.1 (Americas),https://www.shl.com/solutions/products/product-catalog/view/sales-professional-7-1-%28americas%29/,N/A,"B, C",Yes,No
Sales Professional Solution,https://www.shl.com/solutions/products/product-catalog/view/sales-professional-solution/,N/A,"A, B, P",Yes,Yes
Sales Representative Solution,https://www.shl.com/solutions/products/product-catalog/view/sales-representative-solution/,N/A,"A, B, P",Yes,Yes
Sales Supervisor Solution,https://www.shl.com/solutions/products/product-catalog/view/sales-supervisor-solution/,N/A,"A, B, P",Yes,Yes
Sales Support Specialist Solution,https://www.shl.com/solutions/products/product-catalog/view/sales-support-specialist-solution/,N/A,"A, B, P",Yes,Yes
Senior Insurance Agent Solution,https://www.shl.com/solutions/products/product-catalog/view/senior-insurance-agent-solution/,N/A,"A, B, P",Yes,No
Senior Sales Professional Solution,https://www.shl.com/solutions/products/product-catalog/view/senior-sales-professional-solution/,N/A,"A, B, P",Yes,Yes
Server Solution,https://www.shl.com/solutions/products/product-catalog/view/server-solution/,N/A,"B, A, P",Yes,Yes
Service Associate Solution,https://www.shl.com/solutions/products/product-catalog/view/service-associate-solution/,N/A,"A, B, P",Yes,Yes
Service Supervisor Solution,https://www.shl.com/solutions/products/product-catalog/view/service-supervisor-solution/,N/A,"A, B, P",Yes,Yes
Stock Clerk Solution,https://www.shl.com/solutions/products/product-catalog/view/stock-clerk-solution/,N/A,"A, B, P",Yes,No
Store Manager 7.0 Solution,https://www.shl.com/solutions/products/product-catalog/view/store-manager-7-0-solution/,N/A,"B, C",Yes,No
Store Manager 7.1 (Americas),https://www.shl.com/solutions/products/product-catalog/view/store-manager-7-1-%28americas%29/,N/A,"B, C",Yes,No
Store Manager 7.1 (International),https://www.shl.com/solutions/products/product-catalog/view/store-manager-7-1-%28international%29/,N/A,"C, B",Yes,No
Store Manager Solution,https://www.shl.com/solutions/products/product-catalog/view/store-manager-solution/,N/A,"A, B, P",Yes,Yes
Supervisor - Short Form,https://www.shl.com/solutions/products/product-catalog/view/supervisor-short-form/,N/A,S,Yes,Yes
Supervisor 7.0 Solution,https://www.shl.com/solutions/products/product-catalog/view/supervisor-7-0-solution/,N/A,"B, C",Yes,No
Supervisor 7.1 (Americas),https://www.shl.com/solutions/products/product-catalog/view/supervisor-7-1-%28americas%29/,N/A,"B, C, P",Yes,No
Supervisor 7.1 (International),https://www.shl.com/solutions/products/product-catalog/view/supervisor-7-1-%28international%29/,N/A,"P, C, B",Yes,No
Support Associate Solution,https://www.shl.com/solutions/products/product-catalog/view/support-associate-solution/,N/A,"A, B, P",Yes,Yes
Support Supervisor Solution,https://www.shl.com/solutions/products/product-catalog/view/support-supervisor-solution/,N/A,"A, P, S, B",Yes,Yes
Technical Sales Associate Solution,https://www.shl.com/solutions/products/product-catalog/view/technical-sales-associate-solution/,N/A,"A, B, P",Yes,No
Technician/Technologist Solution,https://www.shl.com/solutions/products/product-catalog/view/techniciantechnologist-solution/,N/A,"A, B, P",Yes,Yes
Technology Professional 8.0 Job Focused Assessment,https://www.shl.com/solutions/products/product-catalog/view/technology-professional-8-0-job-focused-assessment/,N/A,"C, P",Yes,No
Telenurse Solution,https://www.shl.com/solutions/products/product-catalog/view/telenurse-solution/,N/A,"A, B, P",Yes,Yes
Teller 7.0,https://www.shl.com/solutions/products/product-catalog/view/teller-7-0/,N/A,"B, K, P, S",Yes,Yes
Teller with Sales - Short Form,https://www.shl.com/solutions/products/product-catalog/view/teller-with-sales-short-form/,N/A,"A, B, K, P, S",Yes,No
Transcriptionist Solution,https://www.shl.com/solutions/products/product-catalog/view/transcriptionist-solution/,N/A,"A, B, K, P",Yes,Yes
Workplace Safety - Individual 7.0 Solution,https://www.shl.com/solutions/products/product-catalog/view/workplace-safety-individual-7-0-solution/,N/A,B,Yes,No
Workplace Safety - Individual 7.1 (Americas),https://www.shl.com/solutions/products/product-catalog/view/workplace-safety-individual-7-1-solution/,N/A,B,Yes,No
Workplace Safety - Team 7.0 Solution,https://www.shl.com/solutions/products/product-catalog/view/workplace-safety-team-7-0-solution/,N/A,B,Yes,No
Workplace Safety - Team 7.1 (Americas),https://www.shl.com/solutions/products/product-catalog/view/workplace-safety-team-7-1-%28americas%29/,N/A,"B, C, P",Yes,No
Workplace Safety - Team 7.1 (International),https://www.shl.com/solutions/products/product-catalog/view/workplace-safety-team-7-1-solution/,N/A,"B, C, P",Yes,No
Workplace Safety Solution,https://www.shl.com/solutions/products/product-catalog/view/workplace-safety-solution/,N/A,"B, P",Yes,Yes
Account Manager Solution,https://www.shl.com/solutions/products/product-catalog/view/account-manager-solution/,N/A,"C, P, A, B",Yes,Yes
Administrative Professional - Short Form,https://www.shl.com/solutions/products/product-catalog/view/administrative-professional-short-form/,N/A,"A, K, P",Yes,Yes
Agency Manager Solution,https://www.shl.com/solutions/products/product-catalog/view/agency-manager-solution/,N/A,"A, B, P, S",Yes,Yes
Apprentice + 8.0 Job Focused Assessment,https://www.shl.com/solutions/products/product-catalog/view/apprentice-8-0-job-focused-assessment-4261/,N/A,"B, P",Yes,No
Apprentice 8.0 Job Focused Assessment,https://www.shl.com/solutions/products/product-catalog/view/apprentice-8-0-job-focused-assessment/,N/A,"B, P",Yes,No
Bank Administrative Assistant - Short Form,https://www.shl.com/solutions/products/product-catalog/view/bank-administrative-assistant-short-form/,N/A,"A, B, K, P",Yes,No
Bank Collections Agent - Short Form,https://www.shl.com/solutions/products/product-catalog/view/bank-collections-agent-short-form/,N/A,"A, B, P",Yes,No
Bank Operations Supervisor - Short Form,https://www.shl.com/solutions/products/product-catalog/view/bank-operations-supervisor-short-form/,N/A,"A, B, P, S",Yes,Yes
Bilingual Spanish Reservation Agent Solution,https://www.shl.com/solutions/products/product-catalog/view/bilingual-spanish-reservation-agent-solution/,N/A,"B, P, S, A",Yes,Yes
"Bookkeeping, Accounting, Auditing Clerk Short Form",https://www.shl.com/solutions/products/product-catalog/view/bookkeeping-accounting-auditing-clerk-short-form/,N/A,"P, S, K, B, A",Yes,Yes
Branch Manager - Short Form,https://www.shl.com/solutions/products/product-catalog/view/branch-manager-short-form/,N/A,"A, B, P",Yes,No
Cashier Solution,https://www.shl.com/solutions/products/product-catalog/view/cashier-solution/,N/A,"B, A, P",Yes,Yes
Adobe Experience Manager (New),https://www.shl.com/solutions/products/product-catalog/view/adobe-experience-manager-new/,N/A,K,Yes,No
Adobe Photoshop CC,https://www.shl.com/solutions/products/product-catalog/view/adobe-photoshop-cc/,N/A,K,Yes,Yes
Aeronautical Engineering (New),https://www.shl.com/solutions/products/product-catalog/view/aeronautical-engineering-new/,N/A,K,Yes,No
Aerospace Engineering (New),https://www.shl.com/solutions/products/product-catalog/view/aerospace-engineering-new/,N/A,K,Yes,No
Agile Software Development,https://www.shl.com/solutions/products/product-catalog/view/agile-software-development/,N/A,K,Yes,No
Agile Testing (New),https://www.shl.com/solutions/products/product-catalog/view/agile-testing-new/,N/A,K,Yes,No
AI Skills,https://www.shl.com/solutions/products/product-catalog/view/ai-skills/,N/A,P,Yes,No
Amazon Web Services (AWS) Development (New),https://www.shl.com/solutions/products/product-catalog/view/amazon-web-services-aws-development-new/,N/A,K,Yes,No
Android Development (New),https://www.shl.com/solutions/products/product-catalog/view/android-development-new/,N/A,K,Yes,No
Angular 6 (New),https://www.shl.com/solutions/products/product-catalog/view/angular-6-new/,N/A,K,Yes,No
AngularJS (New),https://www.shl.com/solutions/products/product-catalog/view/angularjs-new/,N/A,K,Yes,No
Apache Hadoop (New),https://www.shl.com/solutions/products/product-catalog/view/apache-hadoop-new/,N/A,K,Yes,No
Oracle DBA (Advanced Level) (New),https://www.shl.com/solutions/products/product-catalog/view/oracle-dba-advanced-level-new/,N/A,K,Yes,No
Oracle DBA (Entry Level) (New),https://www.shl.com/solutions/products/product-catalog/view/oracle-dba-entry-level-new/,N/A,K,Yes,No
Oracle PL/SQL (New),https://www.shl.com/solutions/products/product-catalog/view/oracle-plsql-new/,N/A,K,Yes,No
Oracle WebLogic Server (New),https://www.shl.com/solutions/products/product-catalog/view/oracle-weblogic-server-new/,N/A,K,Yes,No
Organic Chemistry (New),https://www.shl.com/solutions/products/product-catalog/view/organic-chemistry-new/,N/A,K,Yes,No
Paint Technology (New),https://www.shl.com/solutions/products/product-catalog/view/paint-technology-new/,N/A,K,Yes,No
Pediatrics (New),https://www.shl.com/solutions/products/product-catalog/view/pediatrics-new/,N/A,K,Yes,No
Pega Development (New),https://www.shl.com/solutions/products/product-catalog/view/pega-development-new/,N/A,K,Yes,No
Perl (New),https://www.shl.com/solutions/products/product-catalog/view/perl-new/,N/A,K,Yes,No
Petrochemical Engineering (New),https://www.shl.com/solutions/products/product-catalog/view/petrochemical-engineering-new/,N/A,K,Yes,No
Petroleum Engineering (New),https://www.shl.com/solutions/products/product-catalog/view/petroleum-engineering-new/,N/A,K,Yes,No
Pharmaceutical Analysis (New),https://www.shl.com/solutions/products/product-catalog/view/pharmaceutical-analysis-new/,N/A,K,Yes,No
Automata Data Science (New),https://www.shl.com/solutions/products/product-catalog/view/automata-data-science-new/,N/A,S,Yes,No
Automata Data Science Pro (New),https://www.shl.com/solutions/products/product-catalog/view/automata-data-science-pro-new/,N/A,S,Yes,No
Automata Front End,https://www.shl.com/solutions/products/product-catalog/view/automata-front-end/,N/A,S,Yes,No
Automata Pro (New),https://www.shl.com/solutions/products/product-catalog/view/automata-pro-new/,N/A,S,Yes,No
Automata Selenium,https://www.shl.com/solutions/products/product-catalog/view/automata-selenium/,N/A,S,Yes,No
Automation Anywhere RPA Development (New),https://www.shl.com/solutions/products/product-catalog/view/automation-anywhere-rpa-development-new/,N/A,K,Yes,No
Automotive Engineering (New),https://www.shl.com/solutions/products/product-catalog/view/automotive-engineering-new/,N/A,K,Yes,No
Basic Biology (New),https://www.shl.com/solutions/products/product-catalog/view/basic-biology-new/,N/A,K,Yes,No
Basic Computer Literacy (Windows 10) (New),https://www.shl.com/solutions/products/product-catalog/view/basic-computer-literacy-windows-10-new/,N/A,"S, K",Yes,No
Basic Statistics (New),https://www.shl.com/solutions/products/product-catalog/view/basic-statistics-new/,N/A,K,Yes,No
Biochemistry (New),https://www.shl.com/solutions/products/product-catalog/view/biochemistry-new/,N/A,K,Yes,No
Biotech Lab Techniques (New),https://www.shl.com/solutions/products/product-catalog/view/biotech-lab-techniques-new/,N/A,K,Yes,No
BizTalk (New),https://www.shl.com/solutions/products/product-catalog/view/biztalk-new/,N/A,K,Yes,No
Business Communication (adaptive),https://www.shl.com/solutions/products/product-catalog/view/business-communication-adaptive/,N/A,K,Yes,Yes
Business Communications,https://www.shl.com/solutions/products/product-catalog/view/business-communications/,N/A,K,Yes,No
C Programming (New),https://www.shl.com/solutions/products/product-catalog/view/c-programming-new/,N/A,K,Yes,No
C# Programming (New),https://www.shl.com/solutions/products/product-catalog/view/c-programming-new-4039/,N/A,K,Yes,No
C++ Programming (New),https://www.shl.com/solutions/products/product-catalog/view/c-programming-new-4122/,N/A,K,Yes,No
Cardiology and Diabetes Management (New),https://www.shl.com/solutions/products/product-catalog/view/cardiology-and-diabetes-management-new/,N/A,K,Yes,No
Ceramic Engineering (New),https://www.shl.com/solutions/products/product-catalog/view/ceramic-engineering-new/,N/A,K,Yes,No
Chemical Engineering (New),https://www.shl.com/solutions/products/product-catalog/view/chemical-engineering-new/,N/A,K,Yes,No
Cisco AppDynamics (New),https://www.shl.com/solutions/products/product-catalog/view/cisco-appdynamics-new/,N/A,K,Yes,No
Civil Engineering (New),https://www.shl.com/solutions/products/product-catalog/view/civil-engineering-new/,N/A,K,Yes,No
Cloud Computing (New),https://www.shl.com/solutions/products/product-catalog/view/cloud-computing-new/,N/A,K,Yes,No
RemoteWorkQ Participant Report,https://www.shl.com/solutions/products/product-catalog/view/remoteworkq-participant-report/,N/A,C,Yes,No
RESTful Web Services (New),https://www.shl.com/solutions/products/product-catalog/view/restful-web-services-new/,N/A,K,Yes,No
Retail Sales and Service Simulation,https://www.shl.com/solutions/products/product-catalog/view/retail-sales-and-service-simulation/,N/A,"B, K, S, A",Yes,No
Reviewing Forms - US (R1),https://www.shl.com/solutions/products/product-catalog/view/reviewing-forms-us-r1/,N/A,K,Yes,No
Ruby (New),https://www.shl.com/solutions/products/product-catalog/view/ruby-new/,N/A,K,Yes,No
Ruby on Rails (New),https://www.shl.com/solutions/products/product-catalog/view/ruby-on-rails-new/,N/A,K,Yes,No
Sales & Service Phone Simulation,https://www.shl.com/solutions/products/product-catalog/view/sales-and-service-phone-simulation/,N/A,"S, B",Yes,No
Sales & Service Phone Solution,https://www.shl.com/solutions/products/product-catalog/view/sales-and-service-phone-solution/,N/A,"B, P, S",Yes,No
Sales Interview Guide,https://www.shl.com/solutions/products/product-catalog/view/sales-interview-guide/,N/A,"P, P",Yes,No
Sales Profiler Cards,https://www.shl.com/solutions/products/product-catalog/view/sales-profiler-cards/,N/A,P,Yes,No
Sales Transformation 1.0 - Individual Contributor,https://www.shl.com/solutions/products/product-catalog/view/sales-transformation-report-individual-contributor/,N/A,P,Yes,No
Sales Transformation 2.0 - Individual Contributor,https://www.shl.com/solutions/products/product-catalog/view/salestransformationreport2-0-individualcontributor/,N/A,P,Yes,No
Data Entry (New),https://www.shl.com/solutions/products/product-catalog/view/data-entry-new/,N/A,S,Yes,No
Data Entry Alphanumeric Split Screen - US,https://www.shl.com/solutions/products/product-catalog/view/data-entry-alphanumeric-split-screen-us/,N/A,K,Yes,No
Data Entry Numeric Split Screen - US,https://www.shl.com/solutions/products/product-catalog/view/data-entry-numeric-split-screen-us/,N/A,K,Yes,No
Data Entry Ten Key Split Screen,https://www.shl.com/solutions/products/product-catalog/view/data-entry-ten-key-split-screen/,N/A,K,Yes,No
Data Science (New),https://www.shl.com/solutions/products/product-catalog/view/data-science-new/,N/A,K,Yes,No
Data Warehousing Concepts,https://www.shl.com/solutions/products/product-catalog/view/data-warehousing-concepts/,N/A,K,Yes,Yes
Dependability and Safety Instrument (DSI),https://www.shl.com/solutions/products/product-catalog/view/dependability-and-safety-instrument-dsi/,N/A,P,Yes,No
Dermatology (New),https://www.shl.com/solutions/products/product-catalog/view/dermatology-new/,N/A,K,Yes,No
Desktop Support (New),https://www.shl.com/solutions/products/product-catalog/view/desktop-support-new/,N/A,K,Yes,No
Digital Advertising (New),https://www.shl.com/solutions/products/product-catalog/view/digital-advertising-new/,N/A,K,Yes,No
Digital Readiness Development Report - IC,https://www.shl.com/solutions/products/product-catalog/view/digital-readiness-development-report/,N/A,P,Yes,No
Digital Readiness Development Report - Manager,https://www.shl.com/solutions/products/product-catalog/view/digital-readiness-development-report-manager/,N/A,P,Yes,No
Docker (New),https://www.shl.com/solutions/products/product-catalog/view/docker-new/,N/A,K,Yes,No
Dojo (New),https://www.shl.com/solutions/products/product-catalog/view/dojo-new/,N/A,K,Yes,No
Drupal (New),https://www.shl.com/solutions/products/product-catalog/view/drupal-new/,N/A,K,Yes,No
DSI v1.1 Interpretation Report,https://www.shl.com/solutions/products/product-catalog/view/dsi-v1-1-interpretation-report/,N/A,P,Yes,No
Econometrics (New),https://www.shl.com/solutions/products/product-catalog/view/econometrics-new/,N/A,K,Yes,No
Economics (New),https://www.shl.com/solutions/products/product-catalog/view/economics-new/,N/A,K,Yes,No
Electrical and Electronics Engineering (New),https://www.shl.com/solutions/products/product-catalog/view/electrical-and-electronics-engineering-new/,N/A,K,Yes,No
Electrical Engineering (New),https://www.shl.com/solutions/products/product-catalog/view/electrical-engineering-new/,N/A,K,Yes,No
Electronics & Telecommunications Engineering (New),https://www.shl.com/solutions/products/product-catalog/view/electronics-and-telecommunications-engineering-new/,N/A,K,Yes,No
Electronics and Embedded Systems Engineering (New),https://www.shl.com/solutions/products/product-catalog/view/electronics-and-embedded-systems-engineering-new/,N/A,K,Yes,No
Electronics and Semiconductor Engineering (New),https://www.shl.com/solutions/products/product-catalog/view/electronics-and-semiconductor-engineering-new/,N/A,K,Yes,No
English Comprehension (New),https://www.shl.com/solutions/products/product-catalog/view/english-comprehension-new/,N/A,K,Yes,No
Social Media (New),https://www.shl.com/solutions/products/product-catalog/view/social-media-new/,N/A,K,Yes,No
Software Business Analysis,https://www.shl.com/solutions/products/product-catalog/view/software-business-analysis/,N/A,K,Yes,Yes
SonarQube (New),https://www.shl.com/solutions/products/product-catalog/view/sonarqube-new/,N/A,K,Yes,No
Spelling (U.S.) (New),https://www.shl.com/solutions/products/product-catalog/view/spelling-u-s-new/,N/A,K,Yes,No
Split Screen Typing Test - Form 1,https://www.shl.com/solutions/products/product-catalog/view/split-screen-typing-test-form-1/,N/A,"A, K",Yes,No
Spring (New),https://www.shl.com/solutions/products/product-catalog/view/spring-new/,N/A,K,Yes,No
SQL (New),https://www.shl.com/solutions/products/product-catalog/view/sql-new/,N/A,K,Yes,No
SQL Server (New),https://www.shl.com/solutions/products/product-catalog/view/sql-server-new/,N/A,K,Yes,No
SQL Server Analysis Services (SSAS) (New),https://www.shl.com/solutions/products/product-catalog/view/sql-server-analysis-services-%28ssas%29-%28new%29/,N/A,K,Yes,No
SQL Server Integration Services (SSIS) (New),https://www.shl.com/solutions/products/product-catalog/view/sql-server-integration-services-ssis-new/,N/A,K,Yes,No
SQL Server Reporting Services (SSRS) (New),https://www.shl.com/solutions/products/product-catalog/view/sql-server-reporting-services-ssrs-new/,N/A,K,Yes,No
Statistical Analysis System (New),https://www.shl.com/solutions/products/product-catalog/view/statistical-analysis-system-new/,N/A,K,Yes,No
Executive Scenarios Profile Report,https://www.shl.com/solutions/products/product-catalog/view/executive-scenarios-profile-report/,N/A,B,Yes,No
ExpressJS (New),https://www.shl.com/solutions/products/product-catalog/view/expressjs-new/,N/A,K,Yes,No
Filing - Names (R1),https://www.shl.com/solutions/products/product-catalog/view/filing-names-r1/,N/A,K,Yes,No
Filing - Numbers,https://www.shl.com/solutions/products/product-catalog/view/filing-numbers/,N/A,K,Yes,No
Financial Accounting (New),https://www.shl.com/solutions/products/product-catalog/view/financial-accounting-new/,N/A,K,Yes,No
Financial and Banking Services (New),https://www.shl.com/solutions/products/product-catalog/view/financial-and-banking-services-new/,N/A,K,Yes,No
Fire Engineering (New),https://www.shl.com/solutions/products/product-catalog/view/fire-engineering-new/,N/A,K,Yes,No
Following Instructions v1 - UK (R1),https://www.shl.com/solutions/products/product-catalog/view/following-instructions-v1-uk-r1/,N/A,K,Yes,No
Following Instructions v1 - US (R2),https://www.shl.com/solutions/products/product-catalog/view/following-instructions-v1-us-r2/,N/A,K,Yes,No
Food and Beverage Services (New),https://www.shl.com/solutions/products/product-catalog/view/food-and-beverage-services-new/,N/A,K,Yes,No
Food Science (New),https://www.shl.com/solutions/products/product-catalog/view/food-science-new/,N/A,K,Yes,No
Front Office Management (New),https://www.shl.com/solutions/products/product-catalog/view/front-office-management-new/,N/A,K,Yes,No
Teradata Development (New),https://www.shl.com/solutions/products/product-catalog/view/teradata-development-new/,N/A,K,Yes,No
Time Management (U.S.),https://www.shl.com/solutions/products/product-catalog/view/time-management-u-s/,N/A,K,Yes,Yes
Training Development,https://www.shl.com/solutions/products/product-catalog/view/training-development/,N/A,K,Yes,Yes
Typing (New),https://www.shl.com/solutions/products/product-catalog/view/typing-new/,N/A,S,Yes,No
UiPath RPA Development (New),https://www.shl.com/solutions/products/product-catalog/view/uipath-rpa-development-new/,N/A,K,Yes,No
Universal Competency Framework Interview Guide,https://www.shl.com/solutions/products/product-catalog/view/universal-competency-framework-interview-guide/,N/A,"C, P",Yes,No
Universal Competency Framework Job profiling guide,https://www.shl.com/solutions/products/product-catalog/view/universal-competency-framework-job-profiling-guide/,N/A,"C, P",Yes,No
Universal Competency Framework Profiler Cards (44),https://www.shl.com/solutions/products/product-catalog/view/universal-competency-framework-profiler-cards-44/,N/A,"C, P",Yes,No
UNIX (New),https://www.shl.com/solutions/products/product-catalog/view/unix-new/,N/A,K,Yes,No
VB.NET (New),https://www.shl.com/solutions/products/product-catalog/view/vb-net-new/,N/A,K,Yes,No
Verify - Deductive Reasoning,https://www.shl.com/solutions/products/product-catalog/view/verify-deductive-reasoning/,N/A,A,Yes,Yes
Verify - Following Instructions,https://www.shl.com/solutions/products/product-catalog/view/verify-following-instructions/,N/A,A,Yes,No
HiPo Assessment Report 1.0,https://www.shl.com/solutions/products/product-catalog/view/hipo-assessment-report-1-0/,N/A,"C, P",Yes,No
HiPo Assessment Report 2.0,https://www.shl.com/solutions/products/product-catalog/view/hipo-assessment-report-2-0/,N/A,"C, P",Yes,No
HiPo Unlocking Potential Report 2.0,https://www.shl.com/solutions/products/product-catalog/view/hipo-unlocking-potential-report-2-0/,N/A,C,Yes,No
Housekeeping (New),https://www.shl.com/solutions/products/product-catalog/view/housekeeping-new/,N/A,K,Yes,No
HTML/CSS (New),https://www.shl.com/solutions/products/product-catalog/view/htmlcss-new/,N/A,K,Yes,No
HTML5 (New),https://www.shl.com/solutions/products/product-catalog/view/html5-new/,N/A,K,Yes,No
Human Resources (New),https://www.shl.com/solutions/products/product-catalog/view/human-resources-new/,N/A,K,Yes,No
IBM DataStage (New),https://www.shl.com/solutions/products/product-catalog/view/ibm-datastage-new/,N/A,K,Yes,No
IBM Sterling Order Management System (New),https://www.shl.com/solutions/products/product-catalog/view/ibm-sterling-order-management-system-new/,N/A,K,Yes,No
Industrial Engineering (New),https://www.shl.com/solutions/products/product-catalog/view/industrial-engineering-new/,N/A,K,Yes,No
Informatica (Architecture) (New),https://www.shl.com/solutions/products/product-catalog/view/informatica-architecture-new/,N/A,K,Yes,No
Informatica (Developer) (New),https://www.shl.com/solutions/products/product-catalog/view/informatica-developer-new/,N/A,K,Yes,No
Instrumentation Engineering (New),https://www.shl.com/solutions/products/product-catalog/view/instrumentation-engineering-new/,N/A,K,Yes,No
Interpersonal Communications,https://www.shl.com/solutions/products/product-catalog/view/interpersonal-communications/,N/A,K,Yes,Yes
Interviewing and Hiring Concepts (U.S.),https://www.shl.com/solutions/products/product-catalog/view/interviewing-and-hiring-concepts-u-s/,N/A,K,Yes,Yes
iOS Development (New),https://www.shl.com/solutions/products/product-catalog/view/ios-development-new/,N/A,K,Yes,No
ITIL (IT Infrastructure Library) (New),https://www.shl.com/solutions/products/product-catalog/view/itil-it-infrastructure-library-new/,N/A,K,Yes,No
Java 2 Platform Enterprise Edition 1.4 Fundamental,https://www.shl.com/solutions/products/product-catalog/view/java-2-platform-enterprise-edition-1-4-fundamental/,N/A,K,Yes,Yes
Java 8 (New),https://www.shl.com/solutions/products/product-catalog/view/java-8-new/,N/A,K,Yes,No
Java Design Patterns (New),https://www.shl.com/solutions/products/product-catalog/view/java-design-patterns-new/,N/A,K,Yes,No
Java Frameworks (New),https://www.shl.com/solutions/products/product-catalog/view/java-frameworks-new/,N/A,K,Yes,No
Java Platform Enterprise Edition 7 (Java EE 7),https://www.shl.com/solutions/products/product-catalog/view/java-platform-enterprise-edition-7-java-ee-7/,N/A,K,Yes,Yes
Java Web Services (New),https://www.shl.com/solutions/products/product-catalog/view/java-web-services-new/,N/A,K,Yes,No
JavaScript (New),https://www.shl.com/solutions/products/product-catalog/view/javascript-new/,N/A,K,Yes,No
Written English v1,https://www.shl.com/solutions/products/product-catalog/view/written-english-v1/,N/A,K,Yes,Yes
Written Spanish,https://www.shl.com/solutions/products/product-catalog/view/written-spanish/,N/A,K,Yes,Yes
Zabbix (New),https://www.shl.com/solutions/products/product-catalog/view/zabbix-new/,N/A,K,Yes,No
360 Digital Report,https://www.shl.com/solutions/products/product-catalog/view/360-digital-report/,N/A,D,Yes,No
360° Multi-Rater Feedback System (MFS),https://www.shl.com/solutions/products/product-catalog/view/360-multi-rater-feedback-system-mfs/,N/A,"D, P",Yes,No
Manual Testing (New),https://www.shl.com/solutions/products/product-catalog/view/manual-testing-new/,N/A,K,Yes,No
Manufac. & Indust. - Mechanical & Vigilance 8.0,https://www.shl.com/solutions/products/product-catalog/view/mechanical-and-vigilance-focus-8-0/,N/A,"A, P",Yes,No
Manufac. & Indust. - Safety & Dependability 8.0,https://www.shl.com/solutions/products/product-catalog/view/safety-and-dependability-focus-8-0/,N/A,P,Yes,No
Manufacturing & Industrial - Essential Focus 8.0,https://www.shl.com/solutions/products/product-catalog/view/essential-focus-8-0/,N/A,P,Yes,No
Manufacturing & Industrial - Mechanical Focus 8.0,https://www.shl.com/solutions/products/product-catalog/view/mechanical-focus-8-0/,N/A,"A, P",Yes,No
Manufacturing & Industrial - Vigilance Focus 8.0,https://www.shl.com/solutions/products/product-catalog/view/vigilance-focus-8-0/,N/A,"A, P",Yes,No
Marketing (New),https://www.shl.com/solutions/products/product-catalog/view/marketing-new/,N/A,K,Yes,No
Maven (New),https://www.shl.com/solutions/products/product-catalog/view/maven-new/,N/A,K,Yes,No
Mechanical Engineering (New),https://www.shl.com/solutions/products/product-catalog/view/mechanical-engineering-new/,N/A,K,Yes,No
Mechatronics Engineering (New),https://www.shl.com/solutions/products/product-catalog/view/mechatronics-engineering-new/,N/A,K,Yes,No
Medical Terminology (New),https://www.shl.com/solutions/products/product-catalog/view/medical-terminology-new/,N/A,K,Yes,No
Metallurgical Engineering (New),https://www.shl.com/solutions/products/product-catalog/view/metallurgical-engineering-new/,N/A,K,Yes,No
MFS 360 Enterprise Leadership Report,https://www.shl.com/solutions/products/product-catalog/view/mfs-360-enterprise-leadership-report/,N/A,D,Yes,No
MFS 360 UCF Group Report,https://www.shl.com/solutions/products/product-catalog/view/mfs-360-ucf-group-report/,N/A,D,Yes,No
MFS 360 UCF Performance Potential Dev Tips Report,https://www.shl.com/solutions/products/product-catalog/view/mfs-360-ucf-performance-potential-dev-tips-report/,N/A,D,Yes,No
MFS 360 UCF Standard Report,https://www.shl.com/solutions/products/product-catalog/view/mfs-360-ucf-standard-report/,N/A,D,Yes,No
Micro Focus Unified Functional Testing (New),https://www.shl.com/solutions/products/product-catalog/view/micro-focus-unified-functional-testing-new/,N/A,K,Yes,No
Microservices (New),https://www.shl.com/solutions/products/product-catalog/view/microservices-new/,N/A,K,Yes,No
Microsoft Dynamics Development (New),https://www.shl.com/solutions/products/product-catalog/view/microsoft-dynamics-development-new/,N/A,K,Yes,No
Microsoft Excel 365 - Essentials (New),https://www.shl.com/solutions/products/product-catalog/view/microsoft-excel-365-essentials-new/,N/A,"K, S",Yes,No
Microsoft Excel 365 (New),https://www.shl.com/solutions/products/product-catalog/view/microsoft-excel-365-new/,N/A,"K, S",Yes,No
Microsoft Outlook 2013 (adaptive),https://www.shl.com/solutions/products/product-catalog/view/microsoft-outlook-2013-adaptive/,N/A,K,Yes,Yes
Microsoft PowerPoint 365 - Essentials (New),https://www.shl.com/solutions/products/product-catalog/view/microsoft-powerpoint-365-essentials-new/,N/A,"K, S",Yes,No
Microsoft SQL Server 2014 Programming,https://www.shl.com/solutions/products/product-catalog/view/microsoft-sql-server-2014-programming/,N/A,K,Yes,Yes
Microsoft Windows Server 2012 Administration,https://www.shl.com/solutions/products/product-catalog/view/microsoft-windows-server-2012-administration/,N/A,K,Yes,Yes
Microsoft Word 365 - Essentials (New),https://www.shl.com/solutions/products/product-catalog/view/microsoft-word-365-essentials-new/,N/A,"K, S",Yes,No
Microsoft Word 365 (New),https://www.shl.com/solutions/products/product-catalog/view/microsoft-word-365-new/,N/A,"S, K",Yes,No
Mineral Engineering (New),https://www.shl.com/solutions/products/product-catalog/view/mineral-engineering-new/,N/A,K,Yes,No
Mining Engineering (New),https://www.shl.com/solutions/products/product-catalog/view/mining-engineering-new/,N/A,K,Yes,No
Mobility (New),https://www.shl.com/solutions/products/product-catalog/view/mobility-new/,N/A,K,Yes,No
Molecular Biology (New),https://www.shl.com/solutions/products/product-catalog/view/molecular-biology-new/,N/A,K,Yes,No
MongoDB (New),https://www.shl.com/solutions/products/product-catalog/view/mongodb-new/,N/A,K,Yes,No
Motivation Questionnaire MQM5,https://www.shl.com/solutions/products/product-catalog/view/motivation-questionnaire-mqm5/,N/A,P,Yes,No
MQ Candidate Motivation Report,https://www.shl.com/solutions/products/product-catalog/view/mq-candidate-motivation-report/,N/A,P,Yes,No
MQ Employee Motivation Report,https://www.shl.com/solutions/products/product-catalog/view/mq-employee-motivation-report/,N/A,P,Yes,No
MQ Motivation Report Pack,https://www.shl.com/solutions/products/product-catalog/view/mq-motivation-report-pack/,N/A,P,Yes,No
Automata Data Science (New),https://www.shl.com/solutions/products/product-catalog/view/automata-data-science-new/,N/A,S,Yes,No
Automata Data Science Pro (New),https://www.shl.com/solutions/products/product-catalog/view/automata-data-science-pro-new/,N/A,S,Yes,No
Automata Front End,https://www.shl.com/solutions/products/product-catalog/view/automata-front-end/,N/A,S,Yes,No
Automata Pro (New),https://www.shl.com/solutions/products/product-catalog/view/automata-pro-new/,N/A,S,Yes,No
Automata Selenium,https://www.shl.com/solutions/products/product-catalog/view/automata-selenium/,N/A,S,Yes,No
Automation Anywhere RPA Development (New),https://www.shl.com/solutions/products/product-catalog/view/automation-anywhere-rpa-development-new/,N/A,K,Yes,No
Automotive Engineering (New),https://www.shl.com/solutions/products/product-catalog/view/automotive-engineering-new/,N/A,K,Yes,No
Basic Biology (New),https://www.shl.com/solutions/products/product-catalog/view/basic-biology-new/,N/A,K,Yes,No
Basic Computer Literacy (Windows 10) (New),https://www.shl.com/solutions/products/product-catalog/view/basic-computer-literacy-windows-10-new/,N/A,"S, K",Yes,No
Basic Statistics (New),https://www.shl.com/solutions/products/product-catalog/view/basic-statistics-new/,N/A,K,Yes,No
Biochemistry (New),https://www.shl.com/solutions/products/product-catalog/view/biochemistry-new/,N/A,K,Yes,No
Biotech Lab Techniques (New),https://www.shl.com/solutions/products/product-catalog/view/biotech-lab-techniques-new/,N/A,K,Yes,No
Occupational Personality Questionnaire OPQ32r,https://www.shl.com/solutions/products/product-catalog/view/occupational-personality-questionnaire-opq32r/,N/A,P,Yes,No
Operations Management (New),https://www.shl.com/solutions/products/product-catalog/view/operations-management-new/,N/A,K,Yes,No
OPQ Candidate Plus Report,https://www.shl.com/solutions/products/product-catalog/view/opq-candidate-plus-report/,N/A,P,Yes,No
OPQ Candidate Report 2.0,https://www.shl.com/solutions/products/product-catalog/view/opq-candidate-report-2-0/,N/A,P,Yes,No
OPQ Emotional Intelligence Report,https://www.shl.com/solutions/products/product-catalog/view/opq-emotional-intelligence-report/,N/A,P,Yes,No
OPQ Leadership Report,https://www.shl.com/solutions/products/product-catalog/view/opq-leadership-report/,N/A,P,Yes,No
OPQ Manager Plus Report,https://www.shl.com/solutions/products/product-catalog/view/opq-manager-plus-report/,N/A,P,Yes,No
OPQ Manager Plus Report 2.0,https://www.shl.com/solutions/products/product-catalog/view/opq-manager-plus-report-2-0/,N/A,P,Yes,No
OPQ Maximising your Learning Report,https://www.shl.com/solutions/products/product-catalog/view/opq-maximising-your-learning-report/,N/A,P,Yes,No
OPQ MQ Sales Report,https://www.shl.com/solutions/products/product-catalog/view/opq-mq-sales-report/,N/A,P,Yes,No
OPQ Premium Plus Report,https://www.shl.com/solutions/products/product-catalog/view/opq-premium-plus-report/,N/A,P,Yes,No
OPQ Premium Plus Report 2.0,https://www.shl.com/solutions/products/product-catalog/view/opq-premium-plus-report-2-0/,N/A,P,Yes,No
OPQ Profile Report,https://www.shl.com/solutions/products/product-catalog/view/opq-profile-report/,N/A,P,Yes,No
OPQ Team Impact Group Development Report,https://www.shl.com/solutions/products/product-catalog/view/opq-team-impact-group-development-report/,N/A,P,Yes,No
OPQ Team Impact Individual Development Report,https://www.shl.com/solutions/products/product-catalog/view/opq-team-impact-individual-development-report/,N/A,P,Yes,No
OPQ Team Impact Selection Report,https://www.shl.com/solutions/products/product-catalog/view/opq-team-impact-selection-report/,N/A,P,Yes,No
OPQ Team Types & Leadership Styles Profile,https://www.shl.com/solutions/products/product-catalog/view/opq-team-types-and-leadership-styles-profile/,N/A,P,Yes,No
OPQ Team Types and Leadership Styles Report,https://www.shl.com/solutions/products/product-catalog/view/opq-team-types-and-leadership-styles-report/,N/A,P,Yes,No
OPQ UCF Development Action Planner Report 1.0,https://www.shl.com/solutions/products/product-catalog/view/opq-ucf-development-action-planner-report/,N/A,P,Yes,No
OPQ UCF Development Action Planner Report 2.0,https://www.shl.com/solutions/products/product-catalog/view/opq-ucf-development-action-planner-report-2-0/,N/A,P,Yes,No
OPQ Universal Competency Report 1.0,https://www.shl.com/solutions/products/product-catalog/view/opq-universal-competency-report/,N/A,P,Yes,No
OPQ Universal Competency Report 2.0,https://www.shl.com/solutions/products/product-catalog/view/opq-universal-competency-report-2-0/,N/A,P,Yes,No
OPQ User and Managers Report,https://www.shl.com/solutions/products/product-catalog/view/opq-user-and-managers-report/,N/A,P,Yes,No
OPQ User Report,https://www.shl.com/solutions/products/product-catalog/view/opq-user-report/,N/A,"P, S",Yes,No
Oracle DBA (Advanced Level) (New),https://www.shl.com/solutions/products/product-catalog/view/oracle-dba-advanced-level-new/,N/A,K,Yes,No
Oracle DBA (Entry Level) (New),https://www.shl.com/solutions/products/product-catalog/view/oracle-dba-entry-level-new/,N/A,K,Yes,No
Oracle PL/SQL (New),https://www.shl.com/solutions/products/product-catalog/view/oracle-plsql-new/,N/A,K,Yes,No
Oracle WebLogic Server (New),https://www.shl.com/solutions/products/product-catalog/view/oracle-weblogic-server-new/,N/A,K,Yes,No
Organic Chemistry (New),https://www.shl.com/solutions/products/product-catalog/view/organic-chemistry-new/,N/A,K,Yes,No
Paint Technology (New),https://www.shl.com/solutions/products/product-catalog/view/paint-technology-new/,N/A,K,Yes,No
Pediatrics (New),https://www.shl.com/solutions/products/product-catalog/view/pediatrics-new/,N/A,K,Yes,No
Pega Development (New),https://www.shl.com/solutions/products/product-catalog/view/pega-development-new/,N/A,K,Yes,No
Perl (New),https://www.shl.com/solutions/products/product-catalog/view/perl-new/,N/A,K,Yes,No
Petrochemical Engineering (New),https://www.shl.com/solutions/products/product-catalog/view/petrochemical-engineering-new/,N/A,K,Yes,No
Petroleum Engineering (New),https://www.shl.com/solutions/products/product-catalog/view/petroleum-engineering-new/,N/A,K,Yes,No
Pharmaceutical Analysis (New),https://www.shl.com/solutions/products/product-catalog/view/pharmaceutical-analysis-new/,N/A,K,Yes,No
Pharmaceutical Chemistry (New),https://www.shl.com/solutions/products/product-catalog/view/pharmaceutical-chemistry-new/,N/A,K,Yes,No
Pharmaceutical Science (New),https://www.shl.com/solutions/products/product-catalog/view/pharmaceutical-science-new/,N/A,K,Yes,No
Pharmaceutics (New),https://www.shl.com/solutions/products/product-catalog/view/pharmaceutics-new/,N/A,K,Yes,No
Pharmacology (New),https://www.shl.com/solutions/products/product-catalog/view/pharmacology-new/,N/A,K,Yes,No
PHP (New),https://www.shl.com/solutions/products/product-catalog/view/php-new/,N/A,K,Yes,No
PJM Development Report,https://www.shl.com/solutions/products/product-catalog/view/pjm-development-report/,N/A,"C, A, P",Yes,No
PJM Selection Report,https://www.shl.com/solutions/products/product-catalog/view/pjm-selection-report/,N/A,"A, C, P",Yes,No
Polymer Engineering (New),https://www.shl.com/solutions/products/product-catalog/view/polymer-engineering-new/,N/A,K,Yes,No
Power Electronics and Drives (New),https://www.shl.com/solutions/products/product-catalog/view/power-electronics-and-drives-new/,N/A,K,Yes,No
Power System Engineering (New),https://www.shl.com/solutions/products/product-catalog/view/power-system-engineering-new/,N/A,K,Yes,No
Prism (New),https://www.shl.com/solutions/products/product-catalog/view/prism-new/,N/A,K,Yes,No
Production and Industrial Engineering (New),https://www.shl.com/solutions/products/product-catalog/view/production-and-industrial-engineering-new/,N/A,K,Yes,No
Production Engineering (New),https://www.shl.com/solutions/products/product-catalog/view/production-engineering-new/,N/A,K,Yes,No
Programming Concepts,https://www.shl.com/solutions/products/product-catalog/view/programming-concepts/,N/A,K,Yes,Yes
Project Management (2013),https://www.shl.com/solutions/products/product-catalog/view/project-management-2013/,N/A,K,Yes,Yes
Proofreading v1,https://www.shl.com/solutions/products/product-catalog/view/proofreading-v1/,N/A,K,Yes,No
Python (New),https://www.shl.com/solutions/products/product-catalog/view/python-new/,N/A,K,Yes,No
R Programming (New),https://www.shl.com/solutions/products/product-catalog/view/r-programming-new/,N/A,K,Yes,No
ReactJS (New),https://www.shl.com/solutions/products/product-catalog/view/reactjs-new/,N/A,K,Yes,No
Reading Comprehension - English v1,https://www.shl.com/solutions/products/product-catalog/view/reading-comprehension-english-v1/,N/A,A,Yes,Yes
Reading Comprehension - Spanish v1,https://www.shl.com/solutions/products/product-catalog/view/reading-comprehension-spanish-v1/,N/A,A,Yes,Yes
Reading Comprehension v2,https://www.shl.com/solutions/products/product-catalog/view/reading-comprehension-v2/,N/A,A,Yes,Yes
RemoteWorkQ,https://www.shl.com/solutions/products/product-catalog/view/remoteworkq/,N/A,C,Yes,No
RemoteWorkQ Manager Report,https://www.shl.com/solutions/products/product-catalog/view/remoteworkq-manager-report/,N/A,C,Yes,No
RemoteWorkQ Participant Report,https://www.shl.com/solutions/products/product-catalog/view/remoteworkq-participant-report/,N/A,C,Yes,No
RESTful Web Services (New),https://www.shl.com/solutions/products/product-catalog/view/restful-web-services-new/,N/A,K,Yes,No
Retail Sales and Service Simulation,https://www.shl.com/solutions/products/product-catalog/view/retail-sales-and-service-simulation/,N/A,"B, K, S, A",Yes,No
Reviewing Forms - US (R1),https://www.shl.com/solutions/products/product-catalog/view/reviewing-forms-us-r1/,N/A,K,Yes,No
Ruby (New),https://www.shl.com/solutions/products/product-catalog/view/ruby-new/,N/A,K,Yes,No
Ruby on Rails (New),https://www.shl.com/solutions/products/product-catalog/view/ruby-on-rails-new/,N/A,K,Yes,No
Sales & Service Phone Simulation,https://www.shl.com/solutions/products/product-catalog/view/sales-and-service-phone-simulation/,N/A,"S, B",Yes,No
Sales & Service Phone Solution,https://www.shl.com/solutions/products/product-catalog/view/sales-and-service-phone-solution/,N/A,"B, P, S",Yes,No
Sales Interview Guide,https://www.shl.com/solutions/products/product-catalog/view/sales-interview-guide/,N/A,"P, P",Yes,No
Sales Profiler Cards,https://www.shl.com/solutions/products/product-catalog/view/sales-profiler-cards/,N/A,P,Yes,No
Sales Transformation 1.0 - Individual Contributor,https://www.shl.com/solutions/products/product-catalog/view/sales-transformation-report-individual-contributor/,N/A,P,Yes,No
Sales Transformation 2.0 - Individual Contributor,https://www.shl.com/solutions/products/product-catalog/view/salestransformationreport2-0-individualcontributor/,N/A,P,Yes,No
Account Manager Solution,https://www.shl.com/solutions/products/product-catalog/view/account-manager-solution/,N/A,"C, P, A, B",Yes,Yes
Administrative Professional - Short Form,https://www.shl.com/solutions/products/product-catalog/view/administrative-professional-short-form/,N/A,"A, K, P",Yes,Yes
Agency Manager Solution,https://www.shl.com/solutions/products/product-catalog/view/agency-manager-solution/,N/A,"A, B, P, S",Yes,Yes
Apprentice + 8.0 Job Focused Assessment,https://www.shl.com/solutions/products/product-catalog/view/apprentice-8-0-job-focused-assessment-4261/,N/A,"B, P",Yes,No
Apprentice 8.0 Job Focused Assessment,https://www.shl.com/solutions/products/product-catalog/view/apprentice-8-0-job-focused-assessment/,N/A,"B, P",Yes,No
Bank Administrative Assistant - Short Form,https://www.shl.com/solutions/products/product-catalog/view/bank-administrative-assistant-short-form/,N/A,"A, B, K, P",Yes,No
Bank Collections Agent - Short Form,https://www.shl.com/solutions/products/product-catalog/view/bank-collections-agent-short-form/,N/A,"A, B, P",Yes,No
Bank Operations Supervisor - Short Form,https://www.shl.com/solutions/products/product-catalog/view/bank-operations-supervisor-short-form/,N/A,"A, B, P, S",Yes,Yes
Bilingual Spanish Reservation Agent Solution,https://www.shl.com/solutions/products/product-catalog/view/bilingual-spanish-reservation-agent-solution/,N/A,"B, P, S, A",Yes,Yes
"Bookkeeping, Accounting, Auditing Clerk Short Form",https://www.shl.com/solutions/products/product-catalog/view/bookkeeping-accounting-auditing-clerk-short-form/,N/A,"P, S, K, B, A",Yes,Yes
Branch Manager - Short Form,https://www.shl.com/solutions/products/product-catalog/view/branch-manager-short-form/,N/A,"A, B, P",Yes,No
Cashier Solution,https://www.shl.com/solutions/products/product-catalog/view/cashier-solution/,N/A,"B, A, P",Yes,Yes
Search Engine Optimization (New),https://www.shl.com/solutions/products/product-catalog/view/search-engine-optimization-new/,N/A,K,Yes,No
Selenium (New),https://www.shl.com/solutions/products/product-catalog/view/selenium-new/,N/A,K,Yes,No
Shell Scripting (New),https://www.shl.com/solutions/products/product-catalog/view/shell-scripting-new/,N/A,K,Yes,No
SHL Verify Interactive - Inductive Reasoning,https://www.shl.com/solutions/products/product-catalog/view/shl-verify-interactive-inductive-reasoning/,N/A,"A, S",Yes,Yes
SHL Verify Interactive – Deductive Reasoning,https://www.shl.com/solutions/products/product-catalog/view/shl-verify-interactive-deductive-reasoning/,N/A,"A, S",Yes,Yes
SHL Verify Interactive – Numerical Reasoning,https://www.shl.com/solutions/products/product-catalog/view/shl-verify-interactive-numerical-reasoning/,N/A,"A, S",Yes,Yes
SHL Verify Interactive G+,https://www.shl.com/solutions/products/product-catalog/view/shl-verify-interactive-g/,N/A,A,Yes,Yes
SHL Verify Interactive Numerical Calculation,https://www.shl.com/solutions/products/product-catalog/view/shl-verify-interactive-numerical-calculation/,N/A,A,Yes,Yes
Siebel Development (New),https://www.shl.com/solutions/products/product-catalog/view/siebel-development-new/,N/A,K,Yes,No
Smart Interview Live,https://www.shl.com/solutions/products/product-catalog/view/smart-interview-live/,N/A,P,Yes,No
Smart Interview Live Coding,https://www.shl.com/solutions/products/product-catalog/view/smart-interview-live-coding/,N/A,K,Yes,No
Smart Interview On Demand,https://www.shl.com/solutions/products/product-catalog/view/smart-interview-on-demand/,N/A,P,Yes,No
Social Media (New),https://www.shl.com/solutions/products/product-catalog/view/social-media-new/,N/A,K,Yes,No
Software Business Analysis,https://www.shl.com/solutions/products/product-catalog/view/software-business-analysis/,N/A,K,Yes,Yes
SonarQube (New),https://www.shl.com/solutions/products/product-catalog/view/sonarqube-new/,N/A,K,Yes,No
Spelling (U.S.) (New),https://www.shl.com/solutions/products/product-catalog/view/spelling-u-s-new/,N/A,K,Yes,No
Split Screen Typing Test - Form 1,https://www.shl.com/solutions/products/product-catalog/view/split-screen-typing-test-form-1/,N/A,"A, K",Yes,No
Spring (New),https://www.shl.com/solutions/products/product-catalog/view/spring-new/,N/A,K,Yes,No
SQL (New),https://www.shl.com/solutions/products/product-catalog/view/sql-new/,N/A,K,Yes,No
SQL Server (New),https://www.shl.com/solutions/products/product-catalog/view/sql-server-new/,N/A,K,Yes,No
SQL Server Analysis Services (SSAS) (New),https://www.shl.com/solutions/products/product-catalog/view/sql-server-analysis-services-%28ssas%29-%28new%29/,N/A,K,Yes,No
SQL Server Integration Services (SSIS) (New),https://www.shl.com/solutions/products/product-catalog/view/sql-server-integration-services-ssis-new/,N/A,K,Yes,No
SQL Server Reporting Services (SSRS) (New),https://www.shl.com/solutions/products/product-catalog/view/sql-server-reporting-services-ssrs-new/,N/A,K,Yes,No
Statistical Analysis System (New),https://www.shl.com/solutions/products/product-catalog/view/statistical-analysis-system-new/,N/A,K,Yes,No
Struts (New),https://www.shl.com/solutions/products/product-catalog/view/struts-new/,N/A,K,Yes,No
SVAR - Spoken English (AUS),https://www.shl.com/solutions/products/product-catalog/view/svar-spoken-english-aus/,N/A,S,Yes,No
SVAR - Spoken English (Indian Accent)  (New),https://www.shl.com/solutions/products/product-catalog/view/svar-spoken-english-indian-accent-new/,N/A,S,Yes,No
SVAR - Spoken English (U.K.),https://www.shl.com/solutions/products/product-catalog/view/svar-spoken-english-u-k/,N/A,S,Yes,No
SVAR - Spoken English (US)  (New),https://www.shl.com/solutions/products/product-catalog/view/svar-spoken-english-us-new/,N/A,S,Yes,No
SVAR - Spoken French (Canadian) (New),https://www.shl.com/solutions/products/product-catalog/view/svar-spoken-french-canadian-new/,N/A,S,Yes,No
SVAR - Spoken French (European) (New),https://www.shl.com/solutions/products/product-catalog/view/svar-spoken-french-european-new/,N/A,S,Yes,No
SVAR - Spoken Spanish (Castilian) (New),https://www.shl.com/solutions/products/product-catalog/view/svar-spoken-spanish-castilian-new/,N/A,S,Yes,No
SVAR - Spoken Spanish (North American) (New),https://www.shl.com/solutions/products/product-catalog/view/svar-spoken-spanish-north-american-new/,N/A,S,Yes,No
Swing (New),https://www.shl.com/solutions/products/product-catalog/view/swing-new/,N/A,K,Yes,No
Tableau (New),https://www.shl.com/solutions/products/product-catalog/view/tableau-new/,N/A,K,Yes,No
Telecommunications Engineering (New),https://www.shl.com/solutions/products/product-catalog/view/telecommunications-engineering-new/,N/A,K,Yes,No
Teradata Development (New),https://www.shl.com/solutions/products/product-catalog/view/teradata-development-new/,N/A,K,Yes,No
Time Management (U.S.),https://www.shl.com/solutions/products/product-catalog/view/time-management-u-s/,N/A,K,Yes,Yes
Training Development,https://www.shl.com/solutions/products/product-catalog/view/training-development/,N/A,K,Yes,Yes
Typing (New),https://www.shl.com/solutions/products/product-catalog/view/typing-new/,N/A,S,Yes,No
UiPath RPA Development (New),https://www.shl.com/solutions/products/product-catalog/view/uipath-rpa-development-new/,N/A,K,Yes,No
Universal Competency Framework Interview Guide,https://www.shl.com/solutions/products/product-catalog/view/universal-competency-framework-interview-guide/,N/A,"C, P",Yes,No
Universal Competency Framework Job profiling guide,https://www.shl.com/solutions/products/product-catalog/view/universal-competency-framework-job-profiling-guide/,N/A,"C, P",Yes,No
Universal Competency Framework Profiler Cards (44),https://www.shl.com/solutions/products/product-catalog/view/universal-competency-framework-profiler-cards-44/,N/A,"C, P",Yes,No
UNIX (New),https://www.shl.com/solutions/products/product-catalog/view/unix-new/,N/A,K,Yes,No
VB.NET (New),https://www.shl.com/solutions/products/product-catalog/view/vb-net-new/,N/A,K,Yes,No
Verify - Deductive Reasoning,https://www.shl.com/solutions/products/product-catalog/view/verify-deductive-reasoning/,N/A,A,Yes,Yes
Verify - Following Instructions,https://www.shl.com/solutions/products/product-catalog/view/verify-following-instructions/,N/A,A,Yes,No
Verify - G+,https://www.shl.com/solutions/products/product-catalog/view/verify-g/,N/A,A,Yes,Yes
Verify - General Ability Screen,https://www.shl.com/solutions/products/product-catalog/view/verify-general-ability-screen/,N/A,A,Yes,Yes
Verify - Inductive Reasoning (2014),https://www.shl.com/solutions/products/product-catalog/view/verify-inductive-reasoning-2014/,N/A,A,Yes,Yes
Verify - Numerical Ability,https://www.shl.com/solutions/products/product-catalog/view/verify-numerical-ability/,N/A,A,Yes,Yes
Verify - Technical Checking - Next Generation,https://www.shl.com/solutions/products/product-catalog/view/verify-technical-checking-next-generation/,N/A,A,Yes,No
Verify - Verbal Ability - Next Generation,https://www.shl.com/solutions/products/product-catalog/view/verify-verbal-ability-next-generation/,N/A,A,Yes,Yes
Verify - Working with Information,https://www.shl.com/solutions/products/product-catalog/view/verify-working-with-information/,N/A,A,Yes,No
Verify G+ - Ability Test Report,https://www.shl.com/solutions/products/product-catalog/view/verify-g-ability-test-report/,N/A,A,Yes,No
Verify G+ - Candidate Report,https://www.shl.com/solutions/products/product-catalog/view/verify-g-candidate-report/,N/A,A,Yes,No
Verify Interactive Ability Report,https://www.shl.com/solutions/products/product-catalog/view/verify-interactive-ability-report/,N/A,A,Yes,No
Verify Interactive G+ Candidate Report,https://www.shl.com/solutions/products/product-catalog/view/verify-interactive-g-candidate-report/,N/A,A,Yes,No
Verify Interactive G+ Report,https://www.shl.com/solutions/products/product-catalog/view/verify-interactive-g-report/,N/A,A,Yes,No
Verify Interactive Process Monitoring,https://www.shl.com/solutions/products/product-catalog/view/verify-interactive-process-monitoring/,N/A,A,Yes,No
Virtual Assessment and Development Centers,https://www.shl.com/solutions/products/product-catalog/view/virtual-assessment-and-development-centers/,N/A,P,Yes,No
Visual Basic for Applications (New),https://www.shl.com/solutions/products/product-catalog/view/visual-basic-for-applications-new/,N/A,K,Yes,No
Visual Comparison - UK,https://www.shl.com/solutions/products/product-catalog/view/visual-comparison-uk/,N/A,K,Yes,No
Visual Comparison - US,https://www.shl.com/solutions/products/product-catalog/view/visual-comparison-us/,N/A,K,Yes,No
VLSI and Embedded Systems (New),https://www.shl.com/solutions/products/product-catalog/view/vlsi-and-embedded-systems-new/,N/A,K,Yes,No
What Is The Value - US,https://www.shl.com/solutions/products/product-catalog/view/what-is-the-value-us/,N/A,K,Yes,Yes
Workplace Administration Skills (New),https://www.shl.com/solutions/products/product-catalog/view/workplace-administration-skills-new/,N/A,K,Yes,No
Workplace Health and Safety (New),https://www.shl.com/solutions/products/product-catalog/view/workplace-health-and-safety-new/,N/A,K,Yes,No
WriteX - Email Writing (Customer Service) (New),https://www.shl.com/solutions/products/product-catalog/view/writex-email-writing-customer-service-new/,N/A,S,Yes,No
WriteX - Email Writing (Managerial) (New),https://www.shl.com/solutions/products/product-catalog/view/writex-email-writing-managerial-new/,N/A,S,Yes,No
WriteX - Email Writing (Sales) (New),https://www.shl.com/solutions/products/product-catalog/view/writex-email-writing-sales-new/,N/A,"B, S",Yes,No
Written English v1,https://www.shl.com/solutions/products/product-catalog/view/written-english-v1/,N/A,K,Yes,Yes
Written Spanish,https://www.shl.com/solutions/products/product-catalog/view/written-spanish/,N/A,K,Yes,Yes
Zabbix (New),https://www.shl.com/solutions/products/product-catalog/view/zabbix-new/,N/A,K,Yes,No
360 Digital Report,https://www.shl.com/solutions/products/product-catalog/view/360-digital-report/,N/A,D,Yes,No
360° Multi-Rater Feedback System (MFS),https://www.shl.com/solutions/products/product-catalog/view/360-multi-rater-feedback-system-mfs/,N/A,"D, P",Yes,No
